Jaccard-Sim-2,Feature-Based-Sim,Fluency,Flexibility,Originality
0.42407267617121447,0.7194073,0.8734653465346534,0.6376237623762376,0.5683322923166796
