Jaccard-Sim-2,Feature-Based-Sim,Fluency,Flexibility,Originality
0.42332638302071574,0.7829691,1.0317821782178218,0.7384158415841584,0.5531429935004526
