Jaccard-Sim-2,Feature-Based-Sim,Fluency,Flexibility,Originality
0.40094140034915954,0.6330054,0.9069306930693068,0.2493069306930693,0.4889417963920369
