Jaccard-Sim-2,Feature-Based-Sim,Fluency,Flexibility,Originality
0.4084984731559917,0.71378386,0.19257425742574256,0.4053465346534654,0.4602042545747343
