Jaccard-Sim-2,Feature-Based-Sim,Fluency,Flexibility,Originality
0.45524234513853196,0.90921193,213.7,94.8,0.6834456541724976
