Jaccard-Sim-2,Feature-Based-Sim,Fluency,Flexibility,Originality
0.42190014931962533,0.7589235,1.0592079207920793,0.7462376237623762,0.5943235978389991
