Jaccard-Sim-2,Feature-Based-Sim,Fluency,Flexibility,Originality
0.4233429345044751,0.7382271,0.975049504950495,0.7270297029702971,0.5952560287449643
