Jaccard-Sim-2,Feature-Based-Sim,Fluency,Flexibility,Originality
0.45524234513853196,0.90921193,0.2137,0.948,0.6834456541724976
