Jaccard-Sim-2,Feature-Based-Sim,Fluency,Flexibility,Originality
0.38831575403943086,0.6367624,0.09851485148514852,0.24801980198019802,0.5826536346669671
