Jaccard-Sim-2,Feature-Based-Sim,Fluency,Flexibility,Originality
0.3885044180864793,0.62858903,0.10970297029702972,0.252970297029703,0.5485523679498834
