Jaccard-Sim-2,Feature-Based-Sim,Fluency,Flexibility,Originality
0.4318122733201614,0.6385725,0.6089,0.5514,0.6223418208092185
