Jaccard-Sim-2,Feature-Based-Sim,Fluency,Flexibility,Originality
0.41442895465525426,0.55482435,0.1857,0.3227,0.6286614139597231
