Jaccard-Sim-2,Feature-Based-Sim,Fluency,Flexibility,Originality
0.41442895465525426,0.55482435,0.1857,0.32270000000000004,0.6286614139597231
