Jaccard-Sim-2,Feature-Based-Sim,Fluency,Flexibility,Originality
0.41651885053499543,0.8138493,0.6533636363636365,0.6833636363636364,0.5714282439696916
