Jaccard-Sim-2,Feature-Based-Sim,Fluency,Flexibility,Originality
0.3984390840072531,0.7375549,0.1785148514851485,0.38495049504950494,0.47363662810012724
