Jaccard-Sim-2,Feature-Based-Sim,Fluency,Flexibility,Originality
0.4534918190392565,0.89038646,207.28,94.25,0.678459763155794
