Jaccard-Sim-2,Feature-Based-Sim,Fluency,Flexibility,Originality
0.39780055248709617,0.6779699,0.0776,0.21850000000000003,0.4538979668811796
