Jaccard-Sim-2,Feature-Based-Sim,Fluency,Flexibility,Originality
0.39581451773344073,0.558555,0.65,0.1706,0.5263476632078685
