Jaccard-Sim-2,Feature-Based-Sim,Fluency,Flexibility,Originality
0.3958145177334407,0.558555,0.065,0.17059999999999997,0.5263476632078685
