Jaccard-Sim-2,Feature-Based-Sim,Fluency,Flexibility,Originality
0.39780055248709617,0.6779699,0.776,0.2185,0.4538979668811796
