Jaccard-Sim-2,Feature-Based-Sim,Fluency,Flexibility,Originality
0.41996730790866815,0.7061717,0.2421,0.4414,0.46250606201626704
