Jaccard-Sim-2,Feature-Based-Sim,Fluency,Flexibility,Originality
0.459777091624738,0.83805424,0.985,0.8011764705882354,0.5554244852937988
