Jaccard-Sim-2,Feature-Based-Sim,Fluency,Flexibility,Originality
0.42526067584236693,0.7428568,0.9582178217821782,0.6991089108910892,0.5742604787407937
