Jaccard-Sim-2,Feature-Based-Sim,Fluency,Flexibility,Originality
0.42651095160007296,0.61275834,0.65064356435643565,0.537029702970297,0.5779652723541931
