Jaccard-Sim-2,Feature-Based-Sim,Fluency,Flexibility,Originality
0.42651095160007296,0.61275834,0.6564356435643565,0.5370297029702971,0.5779652723541931
