Jaccard-Sim-2,Feature-Based-Sim,Fluency,Flexibility,Originality
0.45437091098088705,0.89920753,202.13,93.54,0.6712592628285351
