,Inf_RP 1.0,Inf_RP 1.1
RD,0.7746006605996695,0.7746006605996695
Base,0.4105114779180653,0.6487932498635649
GEN0,0.3846447962596102,0.6997588133764987
GEN1,0.3897383224779892,0.6355026382609826
GEN2,0.5112987351755731,0.6517391201711514
GEN3,0.5799675645190429,0.6569695594769172
GEN4,0.6670260005828591,0.7121595185988971
GEN5,0.6975783434723685,0.7515615346396036
GEN6,0.6720543063129603,0.767525662462696
