,Inf_RP 1.0,Inf_RP 1.1
RD,0.7746006605996695,0.7746006605996695
Base,0.4105114779180653,0.6487932498635649
GEN0,0.3846447962596102,0.6997588133764987
GEN1,0.3395793677240992,0.3843366761356662
GEN2,0.3560656358031576,0.3581589004346537
GEN3,0.4541135019547193,0.3760016751234905
GEN4,0.3799355610294786,0.3264209645915166
GEN5,0.3929251661356231,0.3498959920903703
GEN6,0.3996420013751652,0.4016472334939559
GEN7,0.3933387040291448,0.3883118542002426
