,Jaccard-Sim-2,Feature-Based-Sim,Fluency,Flexibility,Originality
base,0.41660370282763143,0.8138493,0.6533636363636364,0.6833636363636364,0.5714282439696916
GEN0,0.4597770916247381,0.83805424,0.985,0.8011764705882354,0.5554244852937988
GEN1,0.4430961604675095,0.7835904,0.8288,0.7229,0.5586468123694658
GEN2,0.4318122733201614,0.6385725,0.6089,0.5514,0.6223418208092185
GEN3,0.43134497028047475,0.69982755,0.7899,0.6358,0.6025331725902402
GEN4,0.42543744098901376,0.76799214,0.915049504950495,0.6966336633663366,0.6043443164258834
