,Distinct-2,Distinct-3,Self-BLEU,OV-TTR,MS-TTR,S-DIV-AV,S-DIV-C,SYN-DIV
base,0.9996084695564861,1.0,1.0,0.9618537217894293,0.980630409846855,0.7682934447329791,0.2824281135168162,0.5511574293049168
GEN0,0.9733820258963694,0.9814864710978801,0.9995083851566361,0.8537213256011041,0.9373610033170575,0.8009675176212827,0.4604366713754569,0.8035927486552354
GEN1,0.986381715241274,0.9938066306291681,0.9994200669263182,0.8705698957802842,0.9492742691724939,0.8150352403145459,0.4695411789547654,0.7964269917171412
GEN2,0.969361289339751,0.9762824046225265,0.9998017101801159,0.8633239351222872,0.9288847055842234,0.8012763423522926,0.4491316524971473,0.7832303452677448
GEN3,0.986421579023137,0.9936313339545779,0.9980580199947146,0.8646182473371637,0.9493037149151681,0.807335983365239,0.4511020425865476,0.7783743783461016
GEN4,0.9760524895902953,0.9839409984326106,0.9993911588913628,0.868768577812301,0.9353538156238967,0.8035099585507346,0.45817338072236596,0.79807024018131
