,Jaccard-Sim-2,Feature-Based-Sim,Fluency,Flexibility,Originality
base,0.4390415645564146,0.73530143,0.4849,0.585,0.5033613535615825
GEN0,0.45389653544144565,0.89213604,0.20934343434343436,0.9404040404040404,0.6774862218892759
GEN1,0.45524234513853196,0.90921193,0.2137,0.948,0.6834456541724976
GEN2,0.4534918190392565,0.89038646,0.20728,0.9425,0.678459763155794
GEN3,0.45437091098088705,0.89920753,0.20213,0.9354,0.6712592628285351
GEN4,0.45402651648210457,0.8880568,0.21232,0.9445,0.6849167063503206
GEN5,0.4545795277271342,0.8934148,0.21547,0.9523,0.6881212854977531
GEN6,0.4541064983930073,0.87874514,0.20758,0.9265,0.6785515609991041
GEN7,0.4550525695493696,0.89773095,0.20972,0.9472,0.6812235449948625
