,Jaccard-Sim-2,Feature-Based-Sim,Fluency,Flexibility,Originality
base,0.41660370282763143,0.8138493,0.6533636363636364,0.6833636363636364,0.5714282439696916
GEN0,0.4597770916247381,0.83805424,0.985,0.8011764705882354,0.5554244852937988
GEN1,0.4084984731559917,0.71378386,0.19257425742574255,0.4053465346534654,0.4602042545747343
