,Distinct-2,Distinct-3,Self-BLEU,OV-TTR,MS-TTR,S-DIV-AV,S-DIV-C,SYN-DIV
RD,0.8578473321128292,0.9589452336720632,0.9526304588320497,0.5269745543293862,0.7746006605996695,0.8023297664527064,0.5276424123100746,0.7805889114799486
base,0.543964439835638,0.5995687572530777,0.5594587078148479,0.3893681159300395,0.6487932498635649,0.6259714122545255,0.3657710236220196,0.6164543395676733
GEN0,0.7492512304091503,0.8300579821630016,0.7875955102101724,0.48939819281618335,0.6997588133764987,0.7264587994119919,0.47110549617552416,0.700807273216585
GEN1,0.1403378162706895,0.15579737592382525,0.23705832903852014,0.15795520301718918,0.38433667613566624,0.3023392472598209,0.15286963423487285,0.26851896918908374
