,Distinct-2,Distinct-3,Self-BLEU,OV-TTR,MS-TTR,S-DIV-AV,S-DIV-C,SYN-DIV
RD,0.8578473321128292,0.9589452336720632,0.9526304588320497,0.5269745543293862,0.7746006605996695,0.8023297664527064,0.5276424123100746,0.7805889114799486
base,0.543964439835638,0.5995687572530777,0.5594587078148479,0.3893681159300395,0.6487932498635649,0.6259714122545255,0.3657710236220196,0.6164543395676733
GEN0,0.7153407701801426,0.7793571802645617,0.7911522671811563,0.45886972383794017,0.6719335905591904,0.7222622785357746,0.4474094456809938,0.6680751955031016
