,Inf_RP 1.0,Inf_RP 1.1
RD,0.8578473321128292,0.8578473321128292
Base,0.198647797577184,0.543964439835638
GEN0,0.2142252829880485,0.7492512304091503
GEN1,0.0824201572928425,0.1403378162706895
GEN2,0.0902528136692758,0.0883864273287086
GEN3,0.0570707005139407,0.0772419070230795
GEN4,0.0561207061479618,0.082841718913798
GEN5,0.1062412203633741,0.1056863756874736
GEN6,0.1387718183933113,0.0948372144152675
