,Inf_RP 1.0,Inf_RP 1.1
RD,0.8578473321128292,0.8578473321128292
Base,0.198647797577184,0.543964439835638
GEN0,0.2142252829880485,0.7492512304091503
GEN1,0.1777482739893396,0.5995062012119875
GEN2,0.1377145021128901,0.4362507964706515
GEN3,0.3126591540298374,0.5613024368052484
GEN4,0.4357976163137517,0.6770289525752371
GEN5,0.5192051329070803,0.6452120769389709
GEN6,0.6229857241343505,0.7215790600651455
GEN7,0.7331095543852493,0.6945798877239879
