,Inf_RP 1.0,Inf_RP 1.1
Base,0.1785148514851485,0.6533636363636365
GEN0,0.2421,0.985
GEN1,0.2007,0.8288
GEN2,0.1857,0.6089
GEN3,0.3824,0.7898999999999999
GEN4,0.5493069306930694,0.915049504950495
GEN5,0.6564356435643565,0.9582178217821782
