,Inf_RP 1.0,Inf_RP 1.1
Base,0.1785148514851485,0.6533636363636364
GEN0,0.2421,0.985
GEN1,0.9069306930693068,0.1925742574257425
GEN2,0.8811881188118813,0.8811881188118813
GEN3,0.65,0.65
GEN4,0.7455445544554457,0.7455445544554457
GEN5,0.8356435643564357,0.8356435643564357
