,Inf_RP 1.0,Inf_RP 1.1
Base,0.3849504950495049,0.6833636363636364
GEN-1,0.4414,0.8011764705882354
GEN0,0.2493069306930693,0.4053465346534654
GEN1,0.257029702970297,0.257029702970297
GEN2,0.1706,0.1706
GEN3,0.1706930693069307,0.1706930693069307
GEN4,0.1979207920792079,0.1979207920792079
