Jaccard-Sim-2,Feature-Based-Sim,Fluency,Flexibility,Originality
0.3921646327779097,0.54085183,0.08356435643564357,0.19792079207920793,0.6527778736760277
