Jaccard-Sim-2,Feature-Based-Sim,Fluency,Flexibility,Originality
0.3960472127707452,0.56110746,0.9405940594059405,0.22623762376237625,0.6309214153603211