Jaccard-Sim-2,Feature-Based-Sim,Fluency,Flexibility,Originality
0.39604721277074517,0.56110746,0.09405940594059406,0.22623762376237624,0.6309214153603211
