,Inf_RP 1.0,Inf_RP 1.1
RD,0.5269745543293862,0.5269745543293862
Base,0.1551258575453818,0.3893681159300395
GEN0,0.1997149528592827,0.4893981928161833
GEN1,0.1903675801748838,0.4389988108637399
GEN2,0.3311717199047688,0.4947945636366528
GEN3,0.4159733207602604,0.5074442686254811
GEN4,0.5155004205450634,0.53257526358746
GEN5,0.579009130720982,0.5781375745037426
