,Inf_RP 1.0,Inf_RP 1.1
RD,0.5269745543293862,0.5269745543293862
Base,0.1551258575453818,0.3893681159300395
GEN0,0.1997149528592827,0.4893981928161833
GEN1,0.1548166583706653,0.1579552030171891
GEN2,0.1326012941614612,0.1292127465028832
GEN3,0.2769359781519743,0.1799298962250484
GEN4,0.1944461772038198,0.1440818515763919
GEN5,0.1737844918231177,0.1438788030321206
