,Inf_RP 1.0,Inf_RP 1.1
Base,0.3984390840072531,0.4166037028276314
GEN0,0.4199673079086682,0.4597770916247381
GEN1,0.4136862047175751,0.4430961604675095
GEN2,0.4144289546552542,0.4318122733201614
GEN3,0.4207227819932718,0.4313449702804747
GEN4,0.421730367318246,0.4254374409890137
GEN5,0.4265109516000729,0.4252606758423669
