,Inf_RP 1.0,Inf_RP 1.1
Base,0.3984390840072531,0.4166037028276314
GEN0,0.4199673079086682,0.4597770916247381
GEN1,0.4009414003491595,0.4084984731559917
GEN2,0.3927071454503216,0.3927071454503216
GEN3,0.3958145177334407,0.3958145177334407
GEN4,0.3943914924258521,0.3943914924258521
GEN5,0.3921646327779097,0.3921646327779097
