,Inf_RP 1.0,Inf_RP 1.1
Base,0.7375549,0.8138493
GEN0,0.7061717,0.83805424
GEN1,0.6330054,0.71378386
GEN2,0.651413,0.651413
GEN3,0.558555,0.558555
GEN4,0.5150732,0.5150732
GEN5,0.54085183,0.54085183
