,Inf_RP 1.0,Inf_RP 1.1
Base,0.7375549,0.8138493
GEN0,0.7061717,0.83805424
GEN1,0.6362334,0.67536885
GEN2,0.651413,0.68488294
GEN3,0.558555,0.6779699
GEN4,0.5150732,0.54686517
GEN5,0.54085183,0.56110746
