Jaccard-Sim-2,Feature-Based-Sim,Fluency,Flexibility,Originality
0.45402651648210457,0.8880568,212.32,94.45,0.6849167063503206
