,Inf_RP 1.0,Inf_RP 1.1
RD,0.7805889114799486,0.7805889114799486
Base,0.29444349013859,0.6164543395676733
GEN0,0.324920770403127,0.700807273216585
GEN1,0.2584656343326076,0.5961729072494368
GEN2,0.2169832838219933,0.4611457262460374
GEN3,0.3199489751150152,0.544518112561853
GEN4,0.4367166323724896,0.636325457944383
GEN5,0.5074720630847793,0.6410946166788826
GEN6,0.5949182201386498,0.6843456875724927
GEN7,0.661825372990012,0.6840737879666932
