,Inf_RP 1.0,Inf_RP 1.1
RD,0.7805889114799486,0.7805889114799486
Base,0.29444349013859,0.6164543395676733
GEN0,0.324920770403127,0.700807273216585
GEN1,0.1214909532031693,0.2685189691890837
GEN2,0.1263721131674756,0.1692132816432751
GEN3,0.1000370337658906,0.1179804034428586
GEN4,0.1944898068250091,0.2349725872006191
GEN5,0.2375618395987903,0.2605460607767001
GEN6,0.1946860068610753,0.2441402750127817
GEN7,0.2555117421327819,0.2823137921999999
