Jaccard-Sim-2,Feature-Based-Sim,Fluency,Flexibility,Originality
0.45389653544144565,0.89213604,209.34343434343435,94.04040404040404,0.6774862218892759
