Jaccard-Sim-2,Feature-Based-Sim,Fluency,Flexibility,Originality
0.4390415645564146,0.73530143,0.4849,0.585,0.5033613535615825
