Jaccard-Sim-2,Feature-Based-Sim,Fluency,Flexibility,Originality
0.45437091098088705,0.89920753,0.20213,0.9354,0.6712592628285351
