Jaccard-Sim-2,Feature-Based-Sim,Fluency,Flexibility,Originality
0.43134497028047475,0.69982755,0.7899,0.6358,0.6025331725902402
