Jaccard-Sim-2,Feature-Based-Sim,Fluency,Flexibility,Originality
0.4207227819932718,0.60713387,0.3824,0.4198,0.5618564511897222
