Jaccard-Sim-2,Feature-Based-Sim,Fluency,Flexibility,Originality
0.4550525695493696,0.89773095,0.20972,0.9472,0.6812235449948625
