Jaccard-Sim-2,Feature-Based-Sim,Fluency,Flexibility,Originality
0.39970593066146415,0.6362334,0.09524752475247524,0.2596039603960396,0.5087647958168918
