Jaccard-Sim-2,Feature-Based-Sim,Fluency,Flexibility,Originality
0.4131750449123814,0.67536885,0.21237623762376238,0.42554455445544555,0.4734622440206189
