,Inf_RP 1.0,Inf_RP 1.1
RD,0.8023297664527064,0.8023297664527064
Base,0.307846609311372,0.6259714122545255
GEN0,0.3501823894756974,0.7264587994119919
GEN1,0.3024936453490424,0.6621950054258421
GEN2,0.3362634194596627,0.6101649844505282
GEN3,0.4879858258724474,0.6850452043534369
GEN4,0.631402421503391,0.7429142554196958
GEN5,0.7242755522451876,0.7626592697500416
