,Inf_RP 1.0,Inf_RP 1.1
RD,0.8023297664527064,0.8023297664527064
Base,0.307846609311372,0.6259714122545255
GEN0,0.3501823894756974,0.7264587994119919
GEN1,0.145567685560805,0.3023392472598209
GEN2,0.1762449486935321,0.2097529540082065
GEN3,0.1654849018193617,0.1581397272662276
GEN4,0.4186676874588077,0.3676276387380561
GEN5,0.3901851868553257,0.4049903013528708
GEN6,0.2990014743037737,0.4071393831376365
GEN7,0.3408694832413252,0.3747342072497797
