,Inf_RP 1.0,Inf_RP 1.1
Base,0.4736366281001272,0.5714282439696916
GEN0,0.462506062016267,0.5554244852937988
GEN1,0.4506251419903101,0.5586468123694658
GEN2,0.6286614139597231,0.6223418208092185
GEN3,0.5618564511897222,0.6025331725902402
GEN4,0.6163305031388734,0.6043443164258834
GEN5,0.5779652723541931,0.5742604787407937
GEN6,0.5683322923166796,0.5531429935004526
GEN7,0.5952560287449643,0.5943235978389991
