,Inf_RP 1.0,Inf_RP 1.1
Base,0.4736366281001272,0.5714282439696916
GEN0,0.462506062016267,0.5554244852937988
GEN1,0.5087647958168918,0.4734622440206189
GEN2,0.4947381915299572,0.4867172257007262
GEN3,0.5263476632078685,0.4538979668811796
GEN4,0.6437065310116192,0.6283484608064102
GEN5,0.6527778736760277,0.6309214153603211
GEN6,0.5826536346669671,0.5485523679498834
