,Inf_RP 1.0,Inf_RP 1.1
Base,0.4736366281001272,0.5714282439696916
GEN0,0.462506062016267,0.5554244852937988
GEN1,0.4889417963920369,0.4602042545747343
GEN2,0.4947381915299572,0.4947381915299572
GEN3,0.5263476632078685,0.5263476632078685
GEN4,0.6437065310116192,0.6437065310116192
GEN5,0.6527778736760277,0.6527778736760277
