Jaccard-Sim-2,Feature-Based-Sim,Fluency,Flexibility,Originality
0.44309616046750944,0.7835904,0.8288,0.7229000000000001,0.5586468123694658
