Jaccard-Sim-2,Feature-Based-Sim,Fluency,Flexibility,Originality
0.4136862047175751,0.6655212,0.2007,0.3812,0.4506251419903101
