Jaccard-Sim-2,Feature-Based-Sim,Fluency,Flexibility,Originality
0.4430961604675095,0.7835904,0.8288,0.7229,0.5586468123694658
