Jaccard-Sim-2,Feature-Based-Sim,Fluency,Flexibility,Originality
0.3943914924258521,0.5150732,0.7455445544554456,0.1706930693069307,0.6437065310116192
