Jaccard-Sim-2,Feature-Based-Sim,Fluency,Flexibility,Originality
0.3977163018899345,0.54686517,0.07237623762376239,0.17663366336633665,0.6283484608064102
