Jaccard-Sim-2,Feature-Based-Sim,Fluency,Flexibility,Originality
0.39771630188993456,0.54686517,0.7237623762376238,0.17663366336633665,0.6283484608064102
