Jaccard-Sim-2,Feature-Based-Sim,Fluency,Flexibility,Originality
0.4545795277271342,0.8934148,0.21547,0.9523,0.6881212854977531
