Jaccard-Sim-2,Feature-Based-Sim,Fluency,Flexibility,Originality
0.39746384262981754,0.68488294,0.1147,0.297,0.48671722570072623
