Jaccard-Sim-2,Feature-Based-Sim,Fluency,Flexibility,Originality
0.3927071454503216,0.651413,0.8811881188118813,0.25702970297029704,0.4947381915299572
