Jaccard-Sim-2,Feature-Based-Sim,Fluency,Flexibility,Originality
0.4541064983930073,0.87874514,0.20758,0.9265,0.6785515609991041
