Jaccard-Sim-2,Feature-Based-Sim,Fluency,Flexibility,Originality
0.42543744098901365,0.76799214,0.915049504950495,0.6966336633663366,0.6043443164258834
