Jaccard-Sim-2,Feature-Based-Sim,Fluency,Flexibility,Originality
0.421730367318246,0.5966135,0.5493069306930693,0.49415841584158414,0.6163305031388734
