Jaccard-Sim-2,Feature-Based-Sim,Fluency,Flexibility,Originality
0.3847106567773902,0.67535996,0.10336633663366337,0.2615841584158416,0.5652626280374958
