Jaccard-Sim-2,Feature-Based-Sim,Fluency,Flexibility,Originality
0.3842525828111787,0.65867573,0.10742574257425742,0.25732673267326733,0.5926624361797057
